e37cae,127.0.0.1,GET,http://localhost/bolt/bolt/async/dashboardnews,1446913805,5d3784
a8ae32,127.0.0.1,GET,http://localhost/bolt/bolt/async/latestactivity,1446913805,5d3784
5d3784,::1,GET,http://localhost/bolt/bolt/bolt,1446913805,
436030,::1,GET,http://localhost/bolt/bolt/async/latestactivity,1446913836,
6c2893,::1,GET,http://localhost/bolt/bolt/async/latestactivity,1446913866,
474754,::1,GET,http://localhost/bolt/bolt/async/latestactivity,1446913898,
74816c,::1,GET,http://localhost/bolt/bolt/,1446913916,
42ade0,::1,GET,http://localhost/bolt/bolt/entry/2,1446913926,
272eef,::1,GET,http://localhost/bolt/bolt/async/latestactivity,1446913929,
f4f29c,::1,GET,http://localhost/bolt/bolt/entry/3,1446913932,
0c841c,::1,GET,http://localhost/bolt/bolt/async/latestactivity,1446913961,
253812,::1,GET,http://localhost/bolt/bolt/async/latestactivity,1446913993,
c47b50,::1,GET,http://localhost/bolt/bolt/async/latestactivity,1446914023,
b07cc2,::1,GET,http://localhost/bolt/bolt/async/latestactivity,1446914055,
e99783,::1,GET,http://localhost/bolt/bolt/async/latestactivity,1446914092,
262ef3,127.0.0.1,GET,http://localhost/bolt/bolt/async/dashboardnews,1446914119,0161cc
22e014,127.0.0.1,GET,http://localhost/bolt/bolt/async/latestactivity,1446914119,0161cc
0161cc,::1,GET,http://localhost/bolt/bolt/bolt,1446914119,
a401e3,::1,GET,http://localhost/bolt/bolt/bolt/dbcheck,1446914128,
7775b8,::1,POST,http://localhost/bolt/bolt/bolt/dbupdate,1446914134,
146391,::1,GET,http://localhost/bolt/bolt/bolt/dbupdate_result?messages=%5B%22Updated%20%60bolt_pages%60%20table%20to%20match%20current%20schema.%22%5D,1446914134,
f37419,127.0.0.1,GET,http://localhost/bolt/bolt/async/lastmodified/pages,1446914138,357cde
357cde,::1,GET,http://localhost/bolt/bolt/bolt/overview/pages,1446914138,
70541c,127.0.0.1,GET,http://localhost/bolt/bolt/async/lastmodified/pages,1446914145,1ffba1
79936c,127.0.0.1,GET,http://localhost/bolt/bolt/async/showstack?items=10,1446914145,1ffba1
1ffba1,::1,GET,http://localhost/bolt/bolt/bolt/editcontent/pages,1446914145,
ab9294,::1,GET,http://localhost/bolt/bolt/async/makeuri?contenttypeslug=pages&fulluri=false&id=&slugfield=slug&title=,1446914147,
eeb357,::1,GET,http://localhost/bolt/bolt/async/browse/files?key=image,1446914181,
d57c18,::1,GET,http://localhost/bolt/bolt/thumbs/54x40c/agriculture-cereals-field-621.jpg,1446914182,
c3f999,::1,GET,http://localhost/bolt/bolt/thumbs/54x40c/architecture-books-building-2757.jpg,1446914182,
e9239b,::1,GET,http://localhost/bolt/bolt/thumbs/54x40c/apple-desk-iphone-2750.jpg,1446914182,
ee4390,::1,GET,http://localhost/bolt/bolt/thumbs/54x40c/alarm-clock-gold-hands-of-a-clock-1778.jpg,1446914183,
4c93f3,::1,GET,http://localhost/bolt/bolt/thumbs/54x40c/analog-camera-photography-vintage-1844.jpg,1446914183,
dfa1b5,::1,GET,http://localhost/bolt/bolt/thumbs/54x40c/bell-bills-cash-register-2738.jpg,1446914183,
74be6d,::1,GET,http://localhost/bolt/bolt/thumbs/54x40c/blur-breakfast-coffee-271.jpg,1446914184,
31cc64,::1,GET,http://localhost/bolt/bolt/thumbs/54x40c/carrot-cooking-eat-1398.jpg,1446914184,
5330bf,::1,GET,http://localhost/bolt/bolt/thumbs/54x40c/california-foggy-golden-gate-bridge-2771.jpg,1446914184,
afba4e,::1,GET,http://localhost/bolt/bolt/thumbs/54x40c/building-frame-garage-1599.jpg,1446914184,
32ebff,::1,GET,http://localhost/bolt/bolt/thumbs/54x40c/food-fruit-orange-1286.jpg,1446914185,
b98156,::1,GET,http://localhost/bolt/bolt/thumbs/54x40c/configure-disc-jockey-disco-1504.jpg,1446914185,
0920ea,::1,GET,http://localhost/bolt/bolt/thumbs/54x40c/blur-flowers-home-1093.jpg,1446914185,
cfa043,::1,GET,http://localhost/bolt/bolt/thumbs/54x40c/garden-gardening-grass-589.jpg,1446914186,
0ce485,::1,GET,http://localhost/bolt/bolt/thumbs/54x40c/keyboard-old-technology-2318.jpg,1446914186,
477331,127.0.0.1,GET,http://localhost/bolt/bolt/async/dashboardnews,1446914219,51b343
501e38,127.0.0.1,GET,http://localhost/bolt/bolt/async/latestactivity,1446914219,51b343
51b343,::1,GET,http://localhost/bolt/bolt/bolt,1446914219,
94ff2f,::1,GET,http://localhost/bolt/bolt/bolt/profile,1446914239,
2caae6,127.0.0.1,GET,http://localhost/bolt/bolt/async/lastmodified/entries,1446914245,2540aa
2540aa,::1,GET,http://localhost/bolt/bolt/bolt/overview/entries,1446914245,
7ae238,127.0.0.1,GET,http://localhost/bolt/bolt/async/lastmodified/showcases,1446914247,a555dd
a555dd,::1,GET,http://localhost/bolt/bolt/bolt/overview/showcases,1446914247,
dfdb04,::1,GET,http://localhost/bolt/bolt/bolt/file/edit/config/contenttypes.yml,1446914260,
bd63be,::1,GET,http://localhost/bolt/bolt/bolt/files,1446914381,
125817,::1,GET,http://localhost/bolt/bolt/thumbs/54x40c/agriculture-cereals-field-621.jpg,1446914382,
79abe3,::1,GET,http://localhost/bolt/bolt/thumbs/54x40c/alarm-clock-gold-hands-of-a-clock-1778.jpg,1446914382,
25ba92,::1,GET,http://localhost/bolt/bolt/thumbs/54x40c/apple-desk-iphone-2750.jpg,1446914382,
b4178e,::1,GET,http://localhost/bolt/bolt/thumbs/54x40c/analog-camera-photography-vintage-1844.jpg,1446914383,
5bdebc,::1,GET,http://localhost/bolt/bolt/thumbs/54x40c/bell-bills-cash-register-2738.jpg,1446914383,
189205,::1,GET,http://localhost/bolt/bolt/thumbs/54x40c/architecture-books-building-2757.jpg,1446914383,
d32855,::1,GET,http://localhost/bolt/bolt/thumbs/54x40c/blur-flowers-home-1093.jpg,1446914384,
a2cba2,::1,GET,http://localhost/bolt/bolt/thumbs/54x40c/california-foggy-golden-gate-bridge-2771.jpg,1446914384,
cd42e0,::1,GET,http://localhost/bolt/bolt/thumbs/54x40c/blur-breakfast-coffee-271.jpg,1446914384,
266829,::1,GET,http://localhost/bolt/bolt/thumbs/54x40c/building-frame-garage-1599.jpg,1446914385,
5897a2,::1,GET,http://localhost/bolt/bolt/thumbs/54x40c/carrot-cooking-eat-1398.jpg,1446914385,
be77b6,::1,GET,http://localhost/bolt/bolt/thumbs/54x40c/configure-disc-jockey-disco-1504.jpg,1446914385,
c71513,::1,GET,http://localhost/bolt/bolt/thumbs/54x40c/food-fruit-orange-1286.jpg,1446914385,
b10c81,::1,GET,http://localhost/bolt/bolt/thumbs/54x40c/garden-gardening-grass-589.jpg,1446914386,
2bcd41,::1,GET,http://localhost/bolt/bolt/thumbs/54x40c/keyboard-old-technology-2318.jpg,1446914386,
6fac5c,::1,GET,http://localhost/bolt/bolt/bolt/tr,1446914413,
086ba9,::1,GET,http://localhost/bolt/bolt/bolt/extend,1446914442,
4c4fa3,::1,GET,http://localhost/bolt/bolt/bolt/extend/installed,1446914448,
9b3874,::1,GET,http://localhost/bolt/bolt/bolt/extend,1446915022,
c4a114,::1,GET,http://localhost/bolt/bolt/admin/extend,1446915028,
b84e71,::1,GET,http://localhost/bolt/bolt/admin/extend/installed,1446915029,
29bfe6,127.0.0.1,GET,http://localhost/bolt/bolt/async/dashboardnews,1446915031,dd59f9
e86af8,127.0.0.1,GET,http://localhost/bolt/bolt/async/latestactivity,1446915032,dd59f9
dd59f9,::1,GET,http://localhost/bolt/bolt/admin,1446915032,
81fb5d,::1,GET,http://localhost/bolt/bolt/,1446915039,
bc78d4,127.0.0.1,GET,http://localhost/bolt/bolt/async/dashboardnews,1446915042,3ae6d0
38e037,127.0.0.1,GET,http://localhost/bolt/bolt/async/latestactivity,1446915042,3ae6d0
3ae6d0,::1,GET,http://localhost/bolt/bolt/admin,1446915042,
b07c65,::1,GET,http://localhost/bolt/bolt/,1446915139,
371d6c,::1,GET,http://localhost/bolt/bolt/async/latestactivity,1446915175,
7e2101,127.0.0.1,GET,http://localhost/bolt/bolt/async/dashboardnews,1446915183,290a4a
b2e533,127.0.0.1,GET,http://localhost/bolt/bolt/async/latestactivity,1446915183,290a4a
290a4a,::1,GET,http://localhost/bolt/bolt/admin,1446915183,
0fc482,::1,GET,http://localhost/bolt/bolt/async/latestactivity,1446915214,
1dc83f,::1,GET,http://localhost/bolt/bolt/async/latestactivity,1446915244,
4d5904,::1,GET,http://localhost/bolt/bolt/async/latestactivity,1446915275,
4275c2,::1,GET,http://localhost/bolt/bolt/,1446915306,
fb1b01,::1,GET,http://localhost/bolt/bolt/async/latestactivity,1446915306,
741fe5,127.0.0.1,GET,http://localhost/bolt/bolt/async/dashboardnews,1446915322,879cda
caafa7,127.0.0.1,GET,http://localhost/bolt/bolt/async/latestactivity,1446915322,879cda
879cda,::1,GET,http://localhost/bolt/bolt/admin,1446915322,
2c62e5,::1,GET,http://localhost/bolt/bolt/async/latestactivity,1446915353,
97180b,::1,GET,http://localhost/bolt/bolt/async/latestactivity,1446915384,
8f4553,::1,GET,http://localhost/bolt/bolt/async/latestactivity,1446915416,
19bb11,::1,GET,http://localhost/bolt/bolt/async/latestactivity,1446915446,
ce593f,::1,GET,http://localhost/bolt/bolt/async/latestactivity,1446915477,
6e8221,::1,GET,http://localhost/bolt/bolt/async/latestactivity,1446915507,
f229d3,::1,GET,http://localhost/bolt/bolt/async/latestactivity,1446915537,
ae4795,::1,GET,http://localhost/bolt/bolt/async/latestactivity,1446915568,
1bb54e,::1,GET,http://localhost/bolt/bolt/async/latestactivity,1446915599,
f51cc1,::1,GET,http://localhost/bolt/bolt/async/latestactivity,1446915630,
837fbe,::1,GET,http://localhost/bolt/bolt/async/latestactivity,1446915662,
74ae36,::1,GET,http://localhost/bolt/bolt/async/latestactivity,1446915693,
28ef98,::1,GET,http://localhost/bolt/bolt/async/latestactivity,1446915723,
372353,::1,GET,http://localhost/bolt/bolt/async/latestactivity,1446915754,
4f4757,::1,GET,http://localhost/bolt/bolt/async/latestactivity,1446915784,
7e6b17,::1,GET,http://localhost/bolt/bolt/async/latestactivity,1446915814,
8f3127,::1,GET,http://localhost/bolt/bolt/async/latestactivity,1446915844,
1e2bfb,::1,GET,http://localhost/bolt/bolt/async/latestactivity,1446915874,
f746bb,::1,GET,http://localhost/bolt/bolt/async/latestactivity,1446915905,
8de0d9,::1,GET,http://localhost/bolt/bolt/async/latestactivity,1446915935,
bfdd21,::1,GET,http://localhost/bolt/bolt/async/latestactivity,1446915967,
e673fd,::1,GET,http://localhost/bolt/bolt/async/latestactivity,1446915997,
32812a,::1,GET,http://localhost/bolt/bolt/async/latestactivity,1446916028,
4e0c25,::1,GET,http://localhost/bolt/bolt/async/latestactivity,1446916059,
06ab31,::1,GET,http://localhost/bolt/bolt/async/latestactivity,1446916089,
39486b,::1,GET,http://localhost/bolt/bolt/async/latestactivity,1446916120,
b72ff2,::1,GET,http://localhost/bolt/bolt/async/latestactivity,1446916150,
8b2c4c,::1,GET,http://localhost/bolt/bolt/async/latestactivity,1446916181,
e709de,::1,GET,http://localhost/bolt/bolt/async/latestactivity,1446916212,
0ac5c7,::1,GET,http://localhost/bolt/bolt/async/latestactivity,1446916242,
9cd971,::1,GET,http://localhost/bolt/bolt/async/latestactivity,1446916272,
2d008d,::1,GET,http://localhost/bolt/bolt/async/latestactivity,1446916302,
318b7f,::1,GET,http://localhost/bolt/bolt/async/latestactivity,1446916332,
9b5693,::1,GET,http://localhost/bolt/bolt/admin/file/edit/config/config.yml,1446916348,
fea84f,127.0.0.1,GET,http://localhost/bolt/bolt/async/lastmodified/pages,1446916371,b7aa33
6c93ed,127.0.0.1,GET,http://localhost/bolt/bolt/async/showstack?items=10,1446916371,b7aa33
b7aa33,::1,GET,http://localhost/bolt/bolt/admin/editcontent/pages,1446916371,
b4a6df,::1,GET,http://localhost/bolt/bolt/async/makeuri?contenttypeslug=pages&fulluri=false&id=&slugfield=slug&title=,1446916373,
fe1a9b,::1,GET,http://localhost/bolt/bolt/async/makeuri?contenttypeslug=pages&fulluri=false&id=&slugfield=slug&title=H,1446916376,
ba14cf,::1,GET,http://localhost/bolt/bolt/async/makeuri?contenttypeslug=pages&fulluri=false&id=&slugfield=slug&title=HO,1446916376,
640b52,::1,GET,http://localhost/bolt/bolt/async/makeuri?contenttypeslug=pages&fulluri=false&id=&slugfield=slug&title=HOME,1446916376,
598dea,::1,GET,http://localhost/bolt/bolt/async/makeuri?contenttypeslug=pages&fulluri=false&id=&slugfield=slug&title=HOME,1446916377,
50c576,::1,POST,http://localhost/bolt/bolt/admin/editcontent/pages?returnto=new,1446916398,
a1da68,127.0.0.1,GET,http://localhost/bolt/bolt/async/lastmodified/pages,1446916399,99887e
464a88,127.0.0.1,GET,http://localhost/bolt/bolt/async/showstack?items=10,1446916399,99887e
99887e,::1,GET,http://localhost/bolt/bolt/admin/editcontent/pages/1,1446916399,
39e339,::1,GET,http://localhost/bolt/bolt/,1446916402,
706c16,::1,GET,http://localhost/bolt/bolt/,1446916406,
3f433e,::1,GET,http://localhost/bolt/bolt/,1446916436,
d1ff68,::1,GET,http://localhost/bolt/bolt/,1446916438,
8827ab,::1,GET,http://localhost/bolt/bolt/,1446916440,
414a36,::1,GET,http://localhost/bolt/bolt/,1446916443,
3ed8c8,::1,GET,http://localhost/bolt/bolt/,1446916448,
726e16,::1,GET,http://localhost/bolt/bolt/,1446916449,
93d39d,::1,GET,http://localhost/bolt/bolt/,1446916461,
75307b,::1,GET,http://localhost/bolt/bolt/,1446916464,
931717,::1,GET,http://localhost/bolt/bolt/,1446916478,
f3ee49,::1,GET,http://localhost/bolt/bolt/,1446916483,
c28d8e,::1,POST,http://localhost/bolt/bolt/admin/editcontent/pages/1?returnto=ajax,1446916530,
231957,::1,POST,http://localhost/bolt/bolt/admin/editcontent/pages/1?returnto=ajax,1446916548,
cc1d97,::1,GET,http://localhost/bolt/bolt/,1446916552,
132a8b,::1,GET,http://localhost/bolt/bolt/page/home,1446916560,
dc9df4,::1,GET,http://localhost/bolt/bolt/pages,1446916584,
6fa224,::1,GET,http://localhost/bolt/bolt/,1446916587,
9d0ffe,::1,GET,http://localhost/bolt/bolt/pages,1446916590,
2af6ae,::1,GET,http://localhost/bolt/bolt/,1446916601,
